Game Code,Date,Visit Team Code,Home Team Code,Stadium Code,Site
5012820130829,8/29/2013,5,128,146,TEAM
102063020130829,8/29/2013,102,630,18,TEAM
299004720130829,8/29/2013,299,47,48,TEAM
305030620130829,8/29/2013,305,306,47,TEAM
314071820130829,8/29/2013,314,718,58,TEAM
355033120130829,8/29/2013,355,331,100,TEAM
433073620130829,8/29/2013,433,736,117,TEAM
457064820130829,8/29/2013,457,648,113,TEAM
465042820130829,8/29/2013,465,428,153,TEAM
587009620130829,8/29/2013,587,96,13,TEAM
657027720130829,8/29/2013,657,277,39,TEAM
667064620130829,8/29/2013,667,646,3,TEAM
711016420130829,8/29/2013,711,164,25,TEAM
719007120130829,8/29/2013,719,71,96,TEAM
731073220130829,8/29/2013,731,732,135,TEAM
769041920130829,8/29/2013,769,419,116,TEAM
1320074920130820,8/29/2013,1320,749,83,TEAM
229041520130830,8/30/2013,229,415,30,TEAM
446072520130830,8/30/2013,446,725,93,TEAM
493032720130830,8/30/2013,493,327,52,TEAM
501002920130830,8/30/2013,501,29,11,TEAM
625025420130830,8/30/2013,625,254,38,TEAM
665028820130830,8/30/2013,665,288,128,TEAM
700066320130830,8/30/2013,700,663,122,TEAM
774041620130830,8/30/2013,774,416,68,TEAM
8074220130831,8/31/2013,8,742,38,NEUTRAL
9071620130831,8/31/2013,9,716,4,TEAM
43069420130831,8/31/2013,43,694,114,TEAM
66075620130831,8/31/2013,66,756,140,TEAM
77074620130831,8/31/2013,77,746,137,TEAM
86051820130831,8/31/2013,86,518,99,TEAM
129041820130831,8/31/2013,129,418,66,TEAM
153072120130831,8/31/2013,153,721,21,TEAM
201062620130831,8/31/2013,201,626,16,TEAM
207052820130831,8/31/2013,207,528,107,TEAM
231039220130831,8/31/2013,231,392,64,TEAM
257014720130831,8/31/2013,257,147,112,TEAM
290020420130831,8/31/2013,290,204,71,TEAM
295049720130831,8/31/2013,295,497,160,TEAM
334077220130831,8/31/2013,334,772,118,NEUTRAL
365069820130831,8/31/2013,365,698,155,NEUTRAL
366049020130831,8/31/2013,366,490,82,TEAM
400079620130831,8/31/2013,400,796,141,TEAM
402065120130831,8/31/2013,402,651,35,TEAM
414038820130831,8/31/2013,414,388,142,TEAM
430052120130831,8/31/2013,430,521,128,NEUTRAL
454043420130831,8/31/2013,454,434,73,TEAM
466011020130831,8/31/2013,466,110,15,TEAM
472070320130831,8/31/2013,472,703,119,TEAM
483052920130831,8/31/2013,483,529,108,TEAM
489019320130831,8/31/2013,489,193,80,TEAM
498052220130831,8/31/2013,498,522,103,TEAM
503031220130831,8/31/2013,503,312,41,TEAM
504031120130831,8/31/2013,504,311,40,TEAM
509010720130831,8/31/2013,509,107,12,TEAM
523019620130831,8/31/2013,523,196,81,TEAM
539068820130831,8/31/2013,539,688,157,NEUTRAL
559014020130831,8/31/2013,559,140,97,TEAM
574069720130831,8/31/2013,574,697,120,TEAM
659030120130831,8/31/2013,659,301,44,TEAM
670066420130831,8/31/2013,670,664,75,TEAM
671003120130831,8/31/2013,671,31,6,TEAM
690051320130831,8/31/2013,690,513,49,TEAM
706047320130831,8/31/2013,706,473,87,TEAM
709023520130831,8/31/2013,709,235,27,TEAM
739006720130831,8/31/2013,739,67,61,TEAM
754003720130831,8/31/2013,754,37,1,TEAM
786076820130831,8/31/2013,786,768,143,TEAM
811046320130831,8/31/2013,811,463,84,TEAM
1068025520130830,8/31/2013,1068,255,37,TEAM
2678003020130830,8/31/2013,2678,30,7,TEAM
2915005120130830,8/31/2013,2915,51,132,TEAM
157015620130901,9/1/2013,157,156,22,NEUTRAL
519036720130901,9/1/2013,519,367,54,TEAM
234054520130902,9/2/2013,234,545,110,TEAM
102002820130905,9/5/2013,102,28,10,TEAM
229019620130905,9/5/2013,229,196,81,TEAM
128023120130906,9/6/2013,128,231,31,TEAM
749006720130906,9/6/2013,749,67,61,TEAM
9036520130907,9/7/2013,9,365,55,TEAM
17043020130907,9/7/2013,17,430,77,TEAM
29046520130907,9/7/2013,29,465,89,TEAM
30003720130907,9/7/2013,30,37,1,TEAM
43073620130907,9/7/2013,43,736,117,TEAM
71033120130907,9/7/2013,71,331,100,TEAM
86005120130907,9/7/2013,86,51,132,TEAM
90009620130907,9/7/2013,90,96,13,TEAM
108046620130907,9/7/2013,108,466,90,TEAM
140030120130907,9/7/2013,140,301,44,TEAM
156071920130907,9/7/2013,156,719,105,TEAM
193040420130907,9/7/2013,193,404,115,TEAM
202036720130907,9/7/2013,202,367,54,TEAM
204053920130907,9/7/2013,204,539,111,TEAM
235041520130907,9/7/2013,235,415,30,TEAM
261049820130907,9/7/2013,261,498,57,TEAM
277052820130907,9/7/2013,277,528,107,TEAM
288069020130907,9/7/2013,288,690,109,TEAM
295081120130907,9/7/2013,295,811,144,TEAM
305055920130907,9/7/2013,305,559,50,TEAM
317000520130907,9/7/2013,317,5,154,TEAM
346036620130907,9/7/2013,346,366,59,TEAM
380040020130907,9/7/2013,380,400,163,TEAM
414033420130907,9/7/2013,414,334,53,TEAM
419045720130907,9/7/2013,419,457,78,TEAM
428047220130907,9/7/2013,428,472,88,TEAM
440066320130907,9/7/2013,440,663,122,TEAM
469012920130907,9/7/2013,469,129,70,TEAM
473070420130907,9/7/2013,473,704,124,TEAM
483077420130907,9/7/2013,483,774,69,TEAM
485058720130907,9/7/2013,485,587,86,TEAM
497051920130907,9/7/2013,497,519,95,TEAM
513041820130907,9/7/2013,513,418,66,TEAM
521070620130907,9/7/2013,521,706,130,TEAM
523039220130907,9/7/2013,523,392,64,TEAM
529074620130907,9/7/2013,529,746,137,TEAM
550010720130907,9/7/2013,550,107,12,TEAM
553067020130907,9/7/2013,553,670,131,TEAM
575049020130907,9/7/2013,575,490,82,TEAM
624069720130907,9/7/2013,624,697,120,TEAM
625003120130907,9/7/2013,625,31,8,TEAM
626051820130907,9/7/2013,626,518,99,TEAM
630067420130907,9/7/2013,630,674,19,TEAM
632071620130907,9/7/2013,632,716,4,TEAM
646071820130907,9/7/2013,646,718,58,TEAM
647014720130907,9/7/2013,647,147,112,TEAM
648025720130907,9/7/2013,648,257,36,TEAM
650032820130907,9/7/2013,650,328,51,TEAM
651041620130907,9/7/2013,651,416,68,TEAM
654043320130907,9/7/2013,654,433,76,TEAM
655069820130907,9/7/2013,655,698,125,TEAM
664046320130907,9/7/2013,664,463,84,TEAM
669031220130907,9/7/2013,669,312,41,TEAM
671032720130907,9/7/2013,671,327,52,TEAM
676070020130907,9/7/2013,676,700,129,TEAM
688050920130907,9/7/2013,688,509,46,TEAM
692079620130907,9/7/2013,692,796,141,TEAM
693025420130907,9/7/2013,693,254,38,TEAM
695006620130907,9/7/2013,695,66,42,TEAM
703007720130907,9/7/2013,703,77,134,TEAM
709043420130907,9/7/2013,709,434,73,TEAM
725004720130907,9/7/2013,725,47,48,TEAM
726030620130907,9/7/2013,726,306,47,TEAM
731072120130907,9/7/2013,731,721,21,TEAM
754065720130907,9/7/2013,754,657,14,TEAM
758073220130907,9/7/2013,758,732,135,TEAM
768052220130907,9/7/2013,768,522,103,TEAM
769074220130907,9/7/2013,769,742,136,TEAM
772069420130907,9/7/2013,772,694,114,TEAM
1004015720130900,9/7/2013,1004,157,20,TEAM
1092038820130900,9/7/2013,1092,388,142,TEAM
698070020130912,9/12/2013,698,700,129,TEAM
716003020130912,9/12/2013,716,30,7,TEAM
718036620130912,9/12/2013,718,366,59,TEAM
721006620130913,9/13/2013,721,66,42,TEAM
5041820130914,9/14/2013,5,418,66,TEAM
8069720130914,9/14/2013,8,697,120,TEAM
47049720130914,9/14/2013,47,497,160,TEAM
61023120130914,9/14/2013,61,231,31,TEAM
67065720130914,9/14/2013,67,657,14,TEAM
71030620130914,9/14/2013,71,306,47,TEAM
90015620130914,9/14/2013,90,156,23,TEAM
110046320130914,9/14/2013,110,463,84,TEAM
128053920130914,9/14/2013,128,539,111,TEAM
129046520130914,9/14/2013,129,465,89,TEAM
180072620130914,9/14/2013,180,726,62,TEAM
204058720130914,9/14/2013,204,587,86,TEAM
207070920130914,9/14/2013,207,709,102,TEAM
229065120130914,9/14/2013,229,651,35,TEAM
236069020130914,9/14/2013,236,690,109,TEAM
254076820130914,9/14/2013,254,768,143,TEAM
255019320130914,9/14/2013,255,193,80,TEAM
312031120130914,9/14/2013,312,311,40,TEAM
328057420130914,9/14/2013,328,574,127,TEAM
331036520130914,9/14/2013,331,365,55,TEAM
346052120130914,9/14/2013,346,521,104,TEAM
367033420130914,9/14/2013,367,334,53,TEAM
388051920130914,9/14/2013,388,519,95,TEAM
392016420130914,9/14/2013,392,164,25,TEAM
400032720130914,9/14/2013,400,327,52,TEAM
404041920130914,9/14/2013,404,419,116,TEAM
430003720130914,9/14/2013,430,37,1,TEAM
433070320130914,9/14/2013,433,703,119,TEAM
466023420130914,9/14/2013,466,234,33,TEAM
473054520130914,9/14/2013,473,545,110,TEAM
483067120130914,9/14/2013,483,671,56,TEAM
498074920130914,9/14/2013,498,749,83,TEAM
502081120130914,9/14/2013,502,811,144,TEAM
503029520130914,9/14/2013,503,295,43,TEAM
508014020130914,9/14/2013,508,140,97,TEAM
513055920130914,9/14/2013,513,559,50,TEAM
518010720130914,9/14/2013,518,107,12,TEAM
528073220130914,9/14/2013,528,732,135,TEAM
664003120130914,9/14/2013,664,31,6,TEAM
667075420130914,9/14/2013,667,754,138,TEAM
674072520130914,9/14/2013,674,725,93,TEAM
683008620130914,9/14/2013,683,86,91,TEAM
694052920130914,9/14/2013,694,529,108,TEAM
704047220130914,9/14/2013,704,472,88,TEAM
706002920130914,9/14/2013,706,29,11,TEAM
719052220130914,9/14/2013,719,522,103,TEAM
736064820130914,9/14/2013,736,648,113,TEAM
742019620130914,9/14/2013,742,196,81,TEAM
748068820130914,9/14/2013,748,688,92,TEAM
756030120130914,9/14/2013,756,301,147,NEUTRAL
758073120130914,9/14/2013,758,731,133,TEAM
771042820130914,9/14/2013,771,428,153,TEAM
772064620130914,9/14/2013,772,646,3,TEAM
774050920130914,9/14/2013,774,509,46,TEAM
796002820130914,9/14/2013,796,28,10,TEAM
817041620130914,9/14/2013,817,416,68,TEAM
147049020130919,9/19/2013,147,490,82,TEAM
66009620130920,9/20/2013,66,96,13,TEAM
28067420130921,9/21/2013,28,674,19,TEAM
30040420130921,9/21/2013,30,404,115,TEAM
31058720130921,9/21/2013,31,587,86,TEAM
37036520130921,9/21/2013,37,365,55,TEAM
43051920130921,9/21/2013,43,519,95,TEAM
47020420130921,9/21/2013,47,204,71,TEAM
61023420130921,9/21/2013,61,234,33,TEAM
140041420130921,9/21/2013,140,414,101,TEAM
156000820130921,9/21/2013,156,8,5,TEAM
201050320130921,9/21/2013,201,503,45,TEAM
228051820130921,9/21/2013,228,518,99,TEAM
231036720130921,9/21/2013,231,367,54,TEAM
277046620130921,9/21/2013,277,466,90,TEAM
288057420130921,9/21/2013,288,574,128,NEUTRAL
294075620130921,9/21/2013,294,756,140,TEAM
295075420130921,9/21/2013,295,754,138,TEAM
315025420130921,9/21/2013,315,254,38,TEAM
327070320130921,9/21/2013,327,703,119,TEAM
331053920130921,9/21/2013,331,539,111,TEAM
366032820130921,9/21/2013,366,328,51,TEAM
380050920130921,9/21/2013,380,509,46,TEAM
388074220130921,9/21/2013,388,742,136,TEAM
416051320130921,9/21/2013,416,513,49,TEAM
418016420130921,9/21/2013,418,164,25,TEAM
419022920130921,9/21/2013,419,229,159,TEAM
434030620130921,9/21/2013,434,306,47,TEAM
446077220130921,9/21/2013,446,772,148,TEAM
454007120130921,9/21/2013,454,71,96,TEAM
457025520130921,9/21/2013,457,255,37,TEAM
472011020130921,9/21/2013,472,110,15,TEAM
497025720130921,9/21/2013,497,257,36,TEAM
498005120130921,9/21/2013,498,51,132,TEAM
508000920130921,9/21/2013,508,9,2,TEAM
528062620130921,9/21/2013,528,626,16,TEAM
545019320130921,9/21/2013,545,193,80,TEAM
559079620130921,9/21/2013,559,796,141,TEAM
630042820130921,9/21/2013,630,428,153,TEAM
632041520130921,9/21/2013,632,415,30,TEAM
649046320130921,9/21/2013,649,463,84,TEAM
663069720130921,9/21/2013,663,697,120,TEAM
670070020130921,9/21/2013,670,700,129,TEAM
671000520130921,9/21/2013,671,5,154,TEAM
694023520130921,9/21/2013,694,235,27,TEAM
706070420130921,9/21/2013,706,704,124,TEAM
709012920130921,9/21/2013,709,129,70,TEAM
716043020130921,9/21/2013,716,430,77,TEAM
718068820130921,9/21/2013,718,688,92,TEAM
731065720130921,9/21/2013,731,657,14,TEAM
732007720130921,9/21/2013,732,77,134,TEAM
736040020130921,9/21/2013,736,400,163,TEAM
741074620130921,9/21/2013,741,746,137,TEAM
749072520130921,9/21/2013,749,725,93,TEAM
768039220130921,9/21/2013,768,392,63,NEUTRAL
771046520130921,9/21/2013,771,465,89,TEAM
774031220130921,9/21/2013,774,312,41,TEAM
811072120130921,9/21/2013,811,721,21,TEAM
311071920130926,9/26/2013,311,719,105,TEAM
742025520130926,9/26/2013,742,255,37,TEAM
419007720130927,9/27/2013,419,77,134,TEAM
731063020130927,9/27/2013,731,630,18,TEAM
5007120130928,9/28/2013,5,71,96,TEAM
9073620130928,9/28/2013,9,736,117,TEAM
29075620130928,9/28/2013,29,756,140,TEAM
30043420130928,9/28/2013,30,434,73,TEAM
96027720130928,9/28/2013,96,277,39,TEAM
107052920130928,9/28/2013,107,529,108,TEAM
129049020130928,9/28/2013,129,490,82,TEAM
157052820130928,9/28/2013,157,528,107,TEAM
164008620130928,9/28/2013,164,86,91,TEAM
196045720130928,9/28/2013,196,457,78,TEAM
229057420130928,9/28/2013,229,574,127,TEAM
234006720130928,9/28/2013,234,67,61,TEAM
235033420130928,9/28/2013,235,334,53,TEAM
288070620130928,9/28/2013,288,706,130,TEAM
312042820130928,9/28/2013,312,428,153,TEAM
331077420130928,9/28/2013,331,774,69,TEAM
365025720130928,9/28/2013,365,257,36,TEAM
414030120130928,9/28/2013,414,301,44,TEAM
415065120130928,9/28/2013,415,651,35,TEAM
433000820130928,9/28/2013,433,8,5,TEAM
465047320130928,9/28/2013,465,473,87,TEAM
503055920130928,9/28/2013,503,559,50,TEAM
521076820130928,9/28/2013,521,768,143,TEAM
522051320130928,9/28/2013,522,513,49,TEAM
626047220130928,9/28/2013,626,472,88,TEAM
646069420130928,9/28/2013,646,694,114,TEAM
648012820130928,9/28/2013,648,128,146,TEAM
657002820130928,9/28/2013,657,28,10,TEAM
663069820130928,9/28/2013,663,698,125,TEAM
664006620130928,9/28/2013,664,66,42,TEAM
674075420130928,9/28/2013,674,754,140,NEUTRAL
690029520130928,9/28/2013,690,295,43,TEAM
697003120130928,9/28/2013,697,31,6,TEAM
704015620130928,9/28/2013,704,156,23,TEAM
709004720130928,9/28/2013,709,47,48,TEAM
716019320130928,9/28/2013,716,193,80,TEAM
718049820130928,9/28/2013,718,498,57,TEAM
721046620130928,9/28/2013,721,466,90,TEAM
725036620130928,9/28/2013,725,366,121,NEUTRAL
726077220130928,9/28/2013,726,772,148,TEAM
746054520130928,9/28/2013,746,545,110,TEAM
749014720130928,9/28/2013,749,147,112,TEAM
796051820130928,9/28/2013,796,518,99,TEAM
811067020130928,9/28/2013,811,670,131,TEAM
110073220131003,10/3/2013,110,732,135,TEAM
703031120131003,10/3/2013,703,311,40,TEAM
772049820131003,10/3/2013,772,498,57,TEAM
77073120131004,10/4/2013,77,731,133,TEAM
466062620131004,10/4/2013,466,626,16,TEAM
28051320131005,10/5/2013,28,513,155,NEUTRAL
31023520131005,10/5/2013,31,235,27,TEAM
47074620131005,10/5/2013,47,746,137,TEAM
96029520131005,10/5/2013,96,295,43,TEAM
128040420131005,10/5/2013,128,404,115,TEAM
129041420131005,10/5/2013,129,414,101,TEAM
140065120131005,10/5/2013,140,651,35,TEAM
147068820131005,10/5/2013,147,688,92,TEAM
196041920131005,10/5/2013,196,419,116,TEAM
204008620131005,10/5/2013,204,86,91,TEAM
229000920131005,10/5/2013,229,9,2,TEAM
231066420131005,10/5/2013,231,664,75,TEAM
254000820131005,10/5/2013,254,8,5,TEAM
255041520131005,10/5/2013,255,415,30,TEAM
257069420131005,10/5/2013,257,694,114,TEAM
301046320131005,10/5/2013,301,463,84,TEAM
327052120131005,10/5/2013,327,521,104,TEAM
334064820131005,10/5/2013,334,648,113,TEAM
365043020131005,10/5/2013,365,430,77,TEAM
366070420131005,10/5/2013,366,704,124,TEAM
367069020131005,10/5/2013,367,690,109,TEAM
392023420131005,10/5/2013,392,234,33,TEAM
400007120131005,10/5/2013,400,71,96,TEAM
416031220131005,10/5/2013,416,312,41,TEAM
428041820131005,10/5/2013,428,418,66,TEAM
433003720131005,10/5/2013,433,37,1,TEAM
434073620131005,10/5/2013,434,736,117,TEAM
457074220131005,10/5/2013,457,742,136,TEAM
472047320131005,10/5/2013,472,473,87,TEAM
490074920131005,10/5/2013,490,749,83,TEAM
497071820131005,10/5/2013,497,718,58,TEAM
503033120131005,10/5/2013,503,331,100,TEAM
518050920131005,10/5/2013,518,509,46,TEAM
519000520131005,10/5/2013,519,5,154,TEAM
529015720131005,10/5/2013,529,157,20,TEAM
539030620131005,10/5/2013,539,306,47,TEAM
574071920131005,10/5/2013,574,719,105,TEAM
587066320131005,10/5/2013,587,663,122,TEAM
630027720131005,10/5/2013,630,277,39,TEAM
646071620131005,10/5/2013,646,716,4,TEAM
670067120131005,10/5/2013,670,671,56,TEAM
698052220131005,10/5/2013,698,522,103,TEAM
700032820131005,10/5/2013,700,328,51,TEAM
706038820131005,10/5/2013,706,388,142,TEAM
721072620131005,10/5/2013,721,726,62,TEAM
725006720131005,10/5/2013,725,67,61,TEAM
754010720131005,10/5/2013,754,107,12,TEAM
756067420131005,10/5/2013,756,674,19,TEAM
768005120131005,10/5/2013,768,51,132,TEAM
774070920131005,10/5/2013,774,709,102,TEAM
29065720131010,10/10/2013,29,657,14,TEAM
587036720131010,10/10/2013,587,367,54,TEAM
626072120131010,10/10/2013,626,721,21,TEAM
690014020131011,10/11/2013,690,140,97,TEAM
5050320131012,10/12/2013,5,503,45,TEAM
8033420131012,10/12/2013,8,334,53,TEAM
9023120131012,10/12/2013,9,231,31,TEAM
51032720131012,10/12/2013,51,327,52,TEAM
66073120131012,10/12/2013,66,731,133,TEAM
67014720131012,10/12/2013,67,147,112,TEAM
71043020131012,10/12/2013,71,430,77,TEAM
86077420131012,10/12/2013,86,774,69,TEAM
107011020131012,10/12/2013,107,110,15,TEAM
129051920131012,10/12/2013,129,519,95,TEAM
157002820131012,10/12/2013,157,28,10,TEAM
196071820131012,10/12/2013,196,718,58,TEAM
204072520131012,10/12/2013,204,725,93,TEAM
235036520131012,10/12/2013,235,365,55,TEAM
255007720131012,10/12/2013,255,77,134,TEAM
277046520131012,10/12/2013,277,465,89,TEAM
295003020131012,10/12/2013,295,30,7,TEAM
306041620131012,10/12/2013,306,416,68,TEAM
311070020131012,10/12/2013,311,700,129,TEAM
328069820131012,10/12/2013,328,698,125,TEAM
331004720131012,10/12/2013,331,47,48,TEAM
388022920131012,10/12/2013,388,229,159,TEAM
404028820131012,10/12/2013,404,288,165,NEUTRAL
414040020131012,10/12/2013,414,400,163,TEAM
418053920131012,10/12/2013,418,539,111,TEAM
419049720131012,10/12/2013,419,497,160,TEAM
434025720131012,10/12/2013,434,257,36,TEAM
463055920131012,10/12/2013,463,559,50,TEAM
473081120131012,10/12/2013,473,811,144,TEAM
498067020131012,10/12/2013,498,670,131,TEAM
509079620131012,10/12/2013,509,796,141,TEAM
522070320131012,10/12/2013,522,703,121,NEUTRAL
528075420131012,10/12/2013,528,754,138,TEAM
529075620131012,10/12/2013,529,756,140,TEAM
545074220131012,10/12/2013,545,742,136,TEAM
574070620131012,10/12/2013,574,706,130,TEAM
630015620131012,10/12/2013,630,156,23,TEAM
648003120131012,10/12/2013,648,31,6,TEAM
651016420131012,10/12/2013,651,164,25,TEAM
674073220131012,10/12/2013,674,732,135,TEAM
688049020131012,10/12/2013,688,490,82,TEAM
697043320131012,10/12/2013,697,433,76,TEAM
716025420131012,10/12/2013,716,254,38,TEAM
719070420131012,10/12/2013,719,704,124,TEAM
726019320131012,10/12/2013,726,193,80,TEAM
746039220131012,10/12/2013,746,392,64,TEAM
769003720131012,10/12/2013,769,37,1,TEAM
671077220131015,10/15/2013,671,772,148,TEAM
415045720131017,10/17/2013,415,457,78,TEAM
128036720131018,10/18/2013,128,367,54,TEAM
5041420131019,10/19/2013,5,414,101,TEAM
31000820131019,10/19/2013,31,8,5,TEAM
37069720131019,10/19/2013,37,697,120,TEAM
47077420131019,10/19/2013,47,774,69,TEAM
48015720131019,10/19/2013,48,157,20,TEAM
77028820131019,10/19/2013,77,288,128,TEAM
110067420131019,10/19/2013,110,674,19,TEAM
156081120131019,10/19/2013,156,811,144,TEAM
164014020131019,10/19/2013,164,140,97,TEAM
193074620131019,10/19/2013,193,746,137,TEAM
234014720131019,10/19/2013,234,147,112,TEAM
235043420131019,10/19/2013,235,434,73,TEAM
254067020131019,10/19/2013,254,670,131,TEAM
257073620131019,10/19/2013,257,736,117,TEAM
306041820131019,10/19/2013,306,418,66,TEAM
311005120131019,10/19/2013,311,51,132,TEAM
312051820131019,10/19/2013,312,518,99,TEAM
331064620131019,10/19/2013,331,646,3,TEAM
365043320131019,10/19/2013,365,433,76,TEAM
392074920131019,10/19/2013,392,749,83,TEAM
400008620131019,10/19/2013,400,86,91,TEAM
428050920131019,10/19/2013,428,509,46,TEAM
465009620131019,10/19/2013,465,96,13,TEAM
466006620131019,10/19/2013,466,66,42,TEAM
497036620131019,10/19/2013,497,366,59,TEAM
503012920131019,10/19/2013,503,129,70,TEAM
519020420131019,10/19/2013,519,204,71,TEAM
522032820131019,10/19/2013,522,328,51,TEAM
523054520131019,10/19/2013,523,545,110,TEAM
528010720131019,10/19/2013,528,107,12,TEAM
559041620131019,10/19/2013,559,416,68,TEAM
574047220131019,10/19/2013,574,472,88,TEAM
648069420131019,10/19/2013,648,694,114,TEAM
657051320131019,10/19/2013,657,513,49,TEAM
663040420131019,10/19/2013,663,404,115,TEAM
664019620131019,10/19/2013,664,196,81,TEAM
688025520131019,10/19/2013,688,255,37,TEAM
698052120131019,10/19/2013,698,521,104,TEAM
700076820131019,10/19/2013,700,768,143,TEAM
725069020131019,10/19/2013,725,690,109,TEAM
726070920131019,10/19/2013,726,709,102,TEAM
731047320131019,10/19/2013,731,473,87,TEAM
732002920131019,10/19/2013,732,29,11,TEAM
754052920131019,10/19/2013,754,529,108,TEAM
756002820131019,10/19/2013,756,28,10,TEAM
796030120131019,10/19/2013,796,301,44,TEAM
671003020131022,10/22/2013,671,30,7,TEAM
334043020131024,10/24/2013,334,430,77,TEAM
388041920131024,10/24/2013,388,419,116,TEAM
66007720131025,10/25/2013,66,77,134,TEAM
2047220131026,10/26/2013,2,472,88,TEAM
9070620131026,10/26/2013,9,706,130,TEAM
29015720131026,10/26/2013,29,157,20,TEAM
47000520131026,10/26/2013,47,5,154,TEAM
51032820131026,10/26/2013,51,328,51,TEAM
67045720131026,10/26/2013,67,457,78,TEAM
86033120131026,10/26/2013,86,331,100,TEAM
96062620131026,10/26/2013,96,626,16,TEAM
107075620131026,10/26/2013,107,756,140,TEAM
110052920131026,10/26/2013,110,529,108,TEAM
147039220131026,10/26/2013,147,392,64,TEAM
156027720131026,10/26/2013,156,277,39,TEAM
164012820131026,10/26/2013,164,128,146,TEAM
193074220131026,10/26/2013,193,742,136,TEAM
204050320131026,10/26/2013,204,503,45,TEAM
229003720131026,10/26/2013,229,37,1,TEAM
244036520131026,10/26/2013,244,365,55,TEAM
254049820131026,10/26/2013,254,498,57,TEAM
255074620131026,10/26/2013,255,746,137,TEAM
288058720131026,10/26/2013,288,587,86,TEAM
295043320131026,10/26/2013,295,433,76,TEAM
366023120131026,10/26/2013,366,231,31,TEAM
367065120131026,10/26/2013,367,651,35,TEAM
414051920131026,10/26/2013,414,519,95,TEAM
416030120131026,10/26/2013,416,301,44,TEAM
463042820131026,10/26/2013,463,428,153,TEAM
465046620131026,10/26/2013,465,466,90,TEAM
490023420131026,10/26/2013,490,234,33,TEAM
497066420131026,10/26/2013,497,664,75,TEAM
509031220131026,10/26/2013,509,312,41,TEAM
513072120131026,10/26/2013,513,721,21,TEAM
521031120131026,10/26/2013,521,311,40,TEAM
539051820131026,10/26/2013,539,518,99,TEAM
545072620131026,10/26/2013,545,726,62,TEAM
646067020131026,10/26/2013,646,670,131,TEAM
648043420131026,10/26/2013,648,434,73,TEAM
674052820131026,10/26/2013,674,528,107,TEAM
690066320131026,10/26/2013,690,663,122,TEAM
694000820131026,10/26/2013,694,8,5,TEAM
700052220131026,10/26/2013,700,522,103,TEAM
703069820131026,10/26/2013,703,698,125,TEAM
704057420131026,10/26/2013,704,574,127,TEAM
709007120131026,10/26/2013,709,71,96,TEAM
716077220131026,10/26/2013,716,772,148,TEAM
719071820131026,10/26/2013,719,718,58,TEAM
732065720131026,10/26/2013,732,657,14,TEAM
736069720131026,10/26/2013,736,697,120,TEAM
749041520131026,10/26/2013,749,415,30,TEAM
768032720131026,10/26/2013,768,327,52,TEAM
774040020131026,10/26/2013,774,400,163,TEAM
811063020131026,10/26/2013,811,630,18,TEAM
140040420131030,10/30/2013,140,404,115,TEAM
28075420131031,10/31/2013,28,754,138,TEAM
498071620131031,10/31/2013,498,716,4,TEAM
574049720131031,10/31/2013,574,497,160,TEAM
651028820131031,10/31/2013,651,288,128,TEAM
657052820131101,11/1/2013,657,528,107,TEAM
7033420131102,11/2/2013,7,334,53,TEAM
29010720131102,11/2/2013,29,107,12,TEAM
30064620131102,11/2/2013,30,646,3,TEAM
37003120131102,11/2/2013,37,31,6,TEAM
66015620131102,11/2/2013,66,156,23,TEAM
147074620131102,11/2/2013,147,746,137,TEAM
157011020131102,11/2/2013,157,110,15,TEAM
196023120131102,11/2/2013,196,231,31,TEAM
204070920131102,11/2/2013,204,709,102,TEAM
257023520131102,11/2/2013,257,235,28,NEUTRAL
277073120131102,11/2/2013,277,731,133,TEAM
301053920131102,11/2/2013,301,539,111,TEAM
311032720131102,11/2/2013,311,327,52,TEAM
328070320131102,11/2/2013,328,703,119,TEAM
331000520131102,11/2/2013,331,5,154,TEAM
415023420131102,11/2/2013,415,234,33,TEAM
418041620131102,11/2/2013,418,416,68,TEAM
419000920131102,11/2/2013,419,9,2,TEAM
428030620131102,11/2/2013,428,306,47,TEAM
430064820131102,11/2/2013,430,648,113,TEAM
457049020131102,11/2/2013,457,490,82,TEAM
466009620131102,11/2/2013,466,96,13,TEAM
472067120131102,11/2/2013,472,671,56,TEAM
473062620131102,11/2/2013,473,626,16,TEAM
503040020131102,11/2/2013,503,400,163,TEAM
509046320131102,11/2/2013,509,463,84,TEAM
518055920131102,11/2/2013,518,559,50,TEAM
521070020131102,11/2/2013,521,700,129,TEAM
545025520131102,11/2/2013,545,255,37,TEAM
630046520131102,11/2/2013,630,465,89,TEAM
664038820131102,11/2/2013,664,388,142,TEAM
670029520131102,11/2/2013,670,295,43,TEAM
690058720131102,11/2/2013,690,587,86,TEAM
694043420131102,11/2/2013,694,434,73,TEAM
704069720131102,11/2/2013,704,697,120,TEAM
706071920131102,11/2/2013,706,719,105,TEAM
718022920131102,11/2/2013,718,229,159,TEAM
725072120131102,11/2/2013,725,721,21,TEAM
726051320131102,11/2/2013,726,513,49,TEAM
742006720131102,11/2/2013,742,67,61,TEAM
749068820131102,11/2/2013,749,688,92,TEAM
768069820131102,11/2/2013,768,698,125,TEAM
772025420131102,11/2/2013,772,254,38,TEAM
796031220131102,11/2/2013,796,312,41,TEAM
71041420131105,11/5/2013,71,414,101,TEAM
519008620131105,11/5/2013,519,86,91,TEAM
129004720131106,11/6/2013,129,47,48,TEAM
522005120131107,11/7/2013,522,51,132,TEAM
529067420131107,11/7/2013,529,674,19,TEAM
716067120131107,11/7/2013,716,671,56,TEAM
367016420131108,11/8/2013,367,164,25,TEAM
721047320131108,11/8/2013,721,473,87,TEAM
9038820131109,11/9/2013,9,388,142,TEAM
27025720131109,11/9/2013,27,257,36,TEAM
28073220131109,11/9/2013,28,732,135,TEAM
30049820131109,11/9/2013,30,498,57,TEAM
31043320131109,11/9/2013,31,433,76,TEAM
37069420131109,11/9/2013,37,694,114,TEAM
67047220131109,11/9/2013,67,472,88,TEAM
77079620131109,11/9/2013,77,796,141,TEAM
96081120131109,11/9/2013,96,811,144,TEAM
110002920131109,11/9/2013,110,29,11,TEAM
157075620131109,11/9/2013,157,756,140,TEAM
231041920131109,11/9/2013,231,419,116,TEAM
234074920131109,11/9/2013,234,749,83,TEAM
277072620131109,11/9/2013,277,726,62,TEAM
288012820131109,11/9/2013,288,128,146,TEAM
301030620131109,11/9/2013,301,306,47,TEAM
312055920131109,11/9/2013,312,559,50,TEAM
327070020131109,11/9/2013,327,700,129,TEAM
328052120131109,11/9/2013,328,521,104,TEAM
365000820131109,11/9/2013,365,8,5,TEAM
430069720131109,11/9/2013,430,697,120,TEAM
434033420131109,11/9/2013,434,334,53,TEAM
463041820131109,11/9/2013,463,418,66,TEAM
466015620131109,11/9/2013,466,156,23,TEAM
490019320131109,11/9/2013,490,193,80,TEAM
513054520131109,11/9/2013,513,545,110,TEAM
523029520131109,11/9/2013,523,295,43,TEAM
539042820131109,11/9/2013,539,428,153,TEAM
626063020131109,11/9/2013,626,630,18,TEAM
657010720131109,11/9/2013,657,107,12,TEAM
663014020131109,11/9/2013,663,140,97,TEAM
664036620131109,11/9/2013,664,366,59,TEAM
688039220131109,11/9/2013,688,392,64,TEAM
695040420131109,11/9/2013,695,404,115,TEAM
698031120131109,11/9/2013,698,311,40,TEAM
703076820131109,11/9/2013,703,768,143,TEAM
704049720131109,11/9/2013,704,497,160,TEAM
718070620131109,11/9/2013,718,706,130,TEAM
719019620131109,11/9/2013,719,196,81,TEAM
731046520131109,11/9/2013,731,465,89,TEAM
736023520131109,11/9/2013,736,235,27,TEAM
742041520131109,11/9/2013,742,415,30,TEAM
746045720131109,11/9/2013,746,457,78,TEAM
772072520131109,11/9/2013,772,725,93,TEAM
774020420131109,11/9/2013,774,204,71,TEAM
86070920131112,11/12/2013,86,709,102,TEAM
519007120131112,11/12/2013,519,71,96,TEAM
47050320131113,11/13/2013,47,503,45,TEAM
414033120131113,11/13/2013,414,331,100,TEAM
255014720131114,11/14/2013,255,147,112,TEAM
388071920131114,11/14/2013,388,719,105,TEAM
756011020131115,11/15/2013,756,110,15,TEAM
5040020131116,11/16/2013,5,400,163,TEAM
8043020131116,11/16/2013,8,430,77,TEAM
9019620131116,11/16/2013,9,196,81,TEAM
107015720131116,11/16/2013,107,157,20,TEAM
128069020131116,11/16/2013,128,690,109,TEAM
129077420131116,11/16/2013,129,774,69,TEAM
140058720131116,11/16/2013,140,587,86,TEAM
156047320131116,11/16/2013,156,473,87,TEAM
164066320131116,11/16/2013,164,663,122,TEAM
229066420131116,11/16/2013,229,664,75,TEAM
231070420131116,11/16/2013,231,704,124,TEAM
235064820131116,11/16/2013,235,648,113,TEAM
257003720131116,11/16/2013,257,37,1,TEAM
288036720131116,11/16/2013,288,367,54,TEAM
294007720131116,11/16/2013,294,77,134,TEAM
306079620131116,11/16/2013,306,796,141,TEAM
311052220131116,11/16/2013,311,522,103,TEAM
334073620131116,11/16/2013,334,736,117,TEAM
366057420131116,11/16/2013,366,574,127,TEAM
392074220131116,11/16/2013,392,742,136,TEAM
404065120131116,11/16/2013,404,651,35,TEAM
415019320131116,11/16/2013,415,193,80,TEAM
416046320131116,11/16/2013,416,463,84,TEAM
418050920131116,11/16/2013,418,509,46,TEAM
457054520131116,11/16/2013,457,545,110,TEAM
490006720131116,11/16/2013,490,67,61,TEAM
518030120131116,11/16/2013,518,301,44,TEAM
521070320131116,11/16/2013,521,703,119,TEAM
528002820131116,11/16/2013,528,28,10,TEAM
559053920131116,11/16/2013,559,539,111,TEAM
626027720131116,11/16/2013,626,277,39,TEAM
630046620131116,11/16/2013,630,466,90,TEAM
646072620131116,11/16/2013,646,726,62,TEAM
670003020131116,11/16/2013,670,30,7,TEAM
671025420131116,11/16/2013,671,254,38,TEAM
674065720131116,11/16/2013,674,657,14,TEAM
688023420131116,11/16/2013,688,234,33,TEAM
698032720131116,11/16/2013,698,327,52,TEAM
700005120131116,11/16/2013,700,51,155,NEUTRAL
716043320131116,11/16/2013,716,433,76,TEAM
732052920131116,11/16/2013,732,529,108,TEAM
754002920131116,11/16/2013,754,29,11,TEAM
768032820131116,11/16/2013,768,328,51,TEAM
811006620131116,11/16/2013,811,66,42,TEAM
86041420131119,11/19/2013,86,414,101,TEAM
331051920131119,11/19/2013,331,519,95,TEAM
503070920131120,11/20/2013,503,709,102,TEAM
465072120131121,11/21/2013,465,721,21,TEAM
574000920131121,11/21/2013,574,9,2,TEAM
587012820131121,11/21/2013,587,128,146,TEAM
726063020131122,11/22/2013,726,630,18,TEAM
6025520131123,11/23/2013,6,255,37,TEAM
28011020131123,11/23/2013,28,110,15,TEAM
51052120131123,11/23/2013,51,521,104,TEAM
66062620131123,11/23/2013,66,626,16,TEAM
67039220131123,11/23/2013,67,392,64,TEAM
71020420131123,11/23/2013,71,204,71,TEAM
77051320131123,11/23/2013,77,513,49,TEAM
107067420131123,11/23/2013,107,674,19,TEAM
140028820131123,11/23/2013,140,288,127,NEUTRAL
141014720131123,11/23/2013,141,147,112,TEAM
149064820131123,11/23/2013,149,648,113,TEAM
156073120131123,11/23/2013,156,731,133,TEAM
164069020131123,11/23/2013,164,690,109,TEAM
193074920131123,11/23/2013,193,749,83,TEAM
196049020131123,11/23/2013,196,490,82,TEAM
253023520131123,11/23/2013,253,235,27,TEAM
254003020131123,11/23/2013,254,30,7,TEAM
277081120131123,11/23/2013,277,811,144,TEAM
295023420131123,11/23/2013,295,234,33,TEAM
301055920131123,11/23/2013,301,559,50,TEAM
306051820131123,11/23/2013,306,518,99,TEAM
328031120131123,11/23/2013,328,311,40,TEAM
334025720131123,11/23/2013,334,257,36,TEAM
388023120131123,11/23/2013,388,231,31,TEAM
400012920131123,11/23/2013,400,129,70,TEAM
404036720131123,11/23/2013,404,367,54,TEAM
416050920131123,11/23/2013,416,509,46,TEAM
418031220131123,11/23/2013,418,312,41,TEAM
419066420131123,11/23/2013,419,664,75,TEAM
430003120131123,11/23/2013,430,31,8,TEAM
434043320131123,11/23/2013,434,433,76,TEAM
463053920131123,11/23/2013,463,539,111,TEAM
472022920131123,11/23/2013,472,229,159,TEAM
473009620131123,11/23/2013,473,96,13,TEAM
498064620131123,11/23/2013,498,646,3,TEAM
522032720131123,11/23/2013,522,327,52,TEAM
523045720131123,11/23/2013,523,457,78,TEAM
529002920131123,11/23/2013,529,29,11,TEAM
545068820131123,11/23/2013,545,688,92,TEAM
657015720131123,11/23/2013,657,157,20,TEAM
663065120131123,11/23/2013,663,651,35,TEAM
693000820131123,11/23/2013,693,8,5,TEAM
697036520131123,11/23/2013,697,365,55,TEAM
704071820131123,11/23/2013,704,718,58,TEAM
706049720131123,11/23/2013,706,497,160,TEAM
719036620131123,11/23/2013,719,366,59,TEAM
732075420131123,11/23/2013,732,754,138,TEAM
736069420131123,11/23/2013,736,694,114,TEAM
746041520131123,11/23/2013,746,415,30,TEAM
756052820131123,11/23/2013,756,528,107,TEAM
772067020131123,11/23/2013,772,670,131,TEAM
796042820131123,11/23/2013,796,428,153,TEAM
774050320131126,11/26/2013,774,503,45,TEAM
433043020131128,11/28/2013,433,430,77,TEAM
700070320131128,11/28/2013,700,703,119,TEAM
31036520131129,11/29/2013,31,365,55,TEAM
71008620131129,11/29/2013,71,86,166,NEUTRAL
96063020131129,11/29/2013,96,630,18,TEAM
196038820131129,11/29/2013,196,388,142,TEAM
204012920131129,11/29/2013,204,129,70,TEAM
231022920131129,11/29/2013,231,229,159,TEAM
312046320131129,11/29/2013,312,463,84,TEAM
400051920131129,11/29/2013,400,519,95,TEAM
414004720131129,11/29/2013,414,47,48,TEAM
415054520131129,11/29/2013,415,545,110,TEAM
528052920131129,11/29/2013,528,529,108,TEAM
651012820131129,11/29/2013,651,128,146,TEAM
663028820131129,11/29/2013,663,288,128,TEAM
670071620131129,11/29/2013,670,716,4,TEAM
709000520131129,11/29/2013,709,5,154,TEAM
754075620131129,11/29/2013,754,756,140,TEAM
8003720131130,11/30/2013,8,37,1,TEAM
29002820131130,11/30/2013,29,28,10,TEAM
30077220131130,11/30/2013,30,772,148,TEAM
51069820131130,11/30/2013,51,698,125,TEAM
67068820131130,11/30/2013,67,688,92,TEAM
77046620131130,11/30/2013,77,466,90,TEAM
110065720131130,11/30/2013,110,657,14,TEAM
147064820131130,11/30/2013,147,648,113,TEAM
157073220131130,11/30/2013,157,732,135,TEAM
193045720131130,11/30/2013,193,457,78,TEAM
234023520131130,11/30/2013,234,235,27,TEAM
257025520131130,11/30/2013,257,255,37,TEAM
295047220131130,11/30/2013,295,472,88,TEAM
311076820131130,11/30/2013,311,768,143,TEAM
327032820131130,11/30/2013,327,328,51,TEAM
366070620131130,11/30/2013,366,706,130,TEAM
392049020131130,11/30/2013,392,490,82,TEAM
428041620131130,11/30/2013,428,416,68,TEAM
473006620131130,11/30/2013,473,66,42,TEAM
497071920131130,11/30/2013,497,719,105,TEAM
498067120131130,11/30/2013,498,671,56,TEAM
509030120131130,11/30/2013,509,301,44,TEAM
513067420131130,11/30/2013,513,674,19,TEAM
518041820131130,11/30/2013,518,418,66,TEAM
539079620131130,11/30/2013,539,796,141,TEAM
559030620131130,11/30/2013,559,306,47,TEAM
587016420131130,11/30/2013,587,164,25,TEAM
626046520131130,11/30/2013,626,465,89,TEAM
646025420131130,11/30/2013,646,254,38,TEAM
664000920131130,11/30/2013,664,9,2,TEAM
690040420131130,11/30/2013,690,404,115,TEAM
694033420131130,11/30/2013,694,334,53,TEAM
697043420131130,11/30/2013,697,434,73,TEAM
704041920131130,11/30/2013,704,419,116,TEAM
718057420131130,11/30/2013,718,574,127,TEAM
721015620131130,11/30/2013,721,156,23,TEAM
725027720131130,11/30/2013,725,277,39,TEAM
742074620131130,11/30/2013,742,746,137,TEAM
749073620131130,11/30/2013,749,736,117,TEAM
811073120131130,11/30/2013,811,731,133,TEAM
367014020131205,12/5/2013,367,140,97,TEAM
71050320131206,12/6/2013,71,503,67,NEUTRAL
128066320131207,12/7/2013,128,663,122,TEAM
193023420131207,12/7/2013,193,234,79,NEUTRAL
388057420131207,12/7/2013,388,574,127,TEAM
404016420131207,12/7/2013,404,164,25,TEAM
434003720131207,12/7/2013,434,37,38,NEUTRAL
518041620131207,12/7/2013,518,416,162,NEUTRAL
522052120131207,12/7/2013,522,521,104,TEAM
651058720131207,12/7/2013,651,587,86,TEAM
671064620131207,12/7/2013,671,646,3,TEAM
674002820131207,12/7/2013,674,28,10,TEAM
703005120131207,12/7/2013,703,51,132,TEAM
731009620131207,12/7/2013,731,96,13,TEAM
725072620131214,12/14/2013,725,726,109,NEUTRAL
86062620131221,12/21/2013,86,626,42,NEUTRAL
96065720131221,12/21/2013,96,657,89,NEUTRAL
718067120131221,12/21/2013,718,671,58,NEUTRAL
754015620131221,12/21/2013,754,156,87,NEUTRAL
519019620131223,12/23/2013,519,196,151,NEUTRAL
66052820131224,12/24/2013,66,528,39,NEUTRAL
545007120131226,12/26/2013,545,71,67,NEUTRAL
731050320131226,12/26/2013,731,503,16,NEUTRAL
77075620131227,12/27/2013,77,756,17,NEUTRAL
388039220131227,12/27/2013,388,392,62,NEUTRAL
688042820131227,12/27/2013,688,428,128,NEUTRAL
140045720131228,12/28/2013,140,457,79,NEUTRAL
415036720131228,12/28/2013,415,367,32,NEUTRAL
418032720131228,12/28/2013,418,327,10,NEUTRAL
587051320131228,12/28/2013,587,513,158,NEUTRAL
28070020131230,12/30/2013,28,700,16,NEUTRAL
419072620131230,12/30/2013,419,726,125,NEUTRAL
433025520131230,12/30/2013,433,255,118,NEUTRAL
529070320131230,12/30/2013,529,703,130,NEUTRAL
29006720131231,12/31/2013,29,67,60,NEUTRAL
193069720131231,12/31/2013,193,697,38,NEUTRAL
574043020131231,12/31/2013,574,430,115,NEUTRAL
742011020131231,12/31/2013,742,110,124,NEUTRAL
128005120140101,1/1/2014,128,51,145,NEUTRAL
312036520140101,1/1/2014,312,365,35,NEUTRAL
463025720140101,1/1/2014,463,257,28,NEUTRAL
465049720140101,1/1/2014,465,497,121,NEUTRAL
674041620140101,1/1/2014,674,416,15,NEUTRAL
796064820140101,1/1/2014,796,648,32,NEUTRAL
522000820140102,1/2/2014,522,8,58,NEUTRAL
147051820140103,1/3/2014,147,518,30,NEUTRAL
521043420140103,1/3/2014,521,434,155,NEUTRAL
736028820140104,1/4/2014,736,288,2,NEUTRAL
30004720140105,1/5/2014,30,47,3,NEUTRAL
37023420140106,1/6/2014,37,234,15,NEUTRAL
