,#Date/Time of Update: 2018-04-02 9:52:01 PM,Season,#Conference Name,#Team ID,#Team Abbr.,#Team City,#Team Name,#Rank,#GamesPlayed,#PassAttempts,#PassCompletions,#PassPct,#PassAttemptsPerGame,#PassGrossYards,#PassAvg,#PassNetYards,#PassYardsPerAtt,#PassYardsPerGame,#PassTD,#PassTDPct,#PassInt,#PassIntPct,#PassLng,#Pass20Plus,#Pass40Plus,#PassSacks,#PassSackY,#QBRating,#RushAttempts,#RushAttemptsPerGame,#RushYards,#RushAverage,#RushYardsPerGame,#RushTD,#RushLng,#Rush1stDowns,#Rush1stDownsPct,#Rush20Plus,#Rush40Plus,#RushFumbles,#Receptions,#RecYards,#RecAverage,#RecYardsPerGame,#RecTD,#RecLng,#Rec1stDowns,#Rec20Plus,#Rec40Plus,#RecFumbles,#TackleSolo,#TackleTotal,#TackleAst,#Sacks,#SackYds,#TacklesForLoss,#Interceptions,#IntTD,#IntYds,#IntAverage,#IntLng,#PassesDefended,#Stuffs,#StuffYds,#KB,#Safeties,#Fumbles,#FumLost,#FumForced,#FumOwnRec,#FumOppRec,#FumRecYds,#FumTotalRec,#FumTD,#KrRet,#KrYds,#KrAvg,#KrLng,#KrTD,#Kr20Plus,#Kr40Plus,#KrFC,#KrFum,#PrRet,#PrYds,#PrAvg,#PrLng,#PrTD,#Pr20Plus,#Pr40Plus,#PrFC,#PrFum,#FgBlk,#FgMade,#FgAtt,#FgPct,#FgMade1_19,#FgAtt1_19,#Fg1_19Pct,#FgMade20_29,#FgAtt20_29,#Fg20_29Pct,#FgMade30_39,#FgAtt30_39,#Fg30_39Pct,#FgMade40_49,#FgAtt40_49,#Fg40_49Pct,#FgMade50Plus,#FgAtt50Plus,#Fg50PlusPct,#FgLng,#XpBlk,#XpMade,#XpAtt,#XpPct,#FgAndXpPts,#KoPct,#Kickoffs,#KoYds,#KoOOB,#KoAvg,#KoTB,#KoRet,#KoRetYds,#KoRetAvgYds,#KoTD,#KoOS,#KoOSR,#Punts,#PuntYds,#PuntNetYds,#PuntLng,#PuntAvg,#PuntNetAvg,#PuntBlk,#PuntOOB,#PuntDown,#PuntIn20,#PuntIn20Pct,#PuntTB,#PuntTBPct,#PuntFC,#PuntRet,#PuntRetYds,#PuntRetAvg,#FirstDownsTotal,#FirstDownsPass,#FirstDownsRush,#FirstDownsPenalty,#ThirdDowns,#ThirdDownsAtt,#ThirdDownsPct,#FourthDowns,#FourthDownsAtt,#FourthDownsPct,#Penalties,#PenaltyYds,#OffensePlays,#OffenseYds,#OffenseAvgYds,#TotalTD,#Wins,#Losses,#Ties,#OTWins,#OTLosses,#WinPct,#PointsFor,#PointsAgainst,#PointDifferential
0,,2014-2015-Regular,AFC,50,NE,New England,Patriots,1,16,627,392,62.5,39.2,4357,7.0,4180,6.4,261.2,34,5.4,9,1.4,598,49,9,27,177,95.2,439,27.4,1752,4.0,109.5,13,322,100,22.8,8,1,0,392,4357,11.1,272.3,34,598,228,39,8,0,684,1009,325,39,290,84,15,0,184,12.3,111,72,365,444,3,0,7,5,15,2,11,0,13,4,30,739,24.6,388,0,20,2,0,0,38,365,9.6,234,0,5,1,11,0,1,35,38,92.1,1,1,100.0,11,12,91.7,10,11,90.9,12,13,92.3,1,1,100.0,544,0,50,50,100.0,155,0.0,101,6524,0,64.6,53,48,1050,21.9,0,0,0,60,2793,2496,876,46.6,41.6,0,0,9,22,36.7,6,10.0,15,29,297,10.2,360,228,100,32,98,226,43.4,7,14,50.0,111,969,1093,5932,5.4,51,12,4,0,0,0,0.0,461,313,148
1,,2014-2015-Regular,AFC,72,DEN,Denver,Broncos,2,16,609,399,65.5,38.1,4793,7.9,4672,7.5,292.0,40,6.6,15,2.5,707,67,11,17,121,101.1,438,27.4,1800,4.1,112.5,15,343,98,22.4,13,1,6,399,4793,12.0,299.6,40,707,227,56,11,0,740,936,196,41,269,111,16,2,130,8.1,88,88,377,456,1,1,16,5,9,11,6,-39,17,1,31,772,24.9,386,0,16,4,0,0,40,316,7.9,186,0,3,0,28,0,0,24,29,82.8,2,2,100.0,9,9,100.0,7,8,87.5,5,7,71.4,1,3,33.3,397,0,56,56,100.0,128,0.0,99,6437,0,65.0,64,35,905,25.9,0,0,0,62,2746,2433,829,44.3,39.2,0,0,7,18,29.0,4,6.4,19,31,313,10.1,354,227,98,29,94,213,44.1,6,14,42.9,113,994,1064,6476,6.1,56,12,4,0,0,0,0.0,480,349,131
2,,2014-2015-Regular,AFC,65,IND,Indianapolis,Colts,3,16,669,410,61.3,41.8,5066,7.6,4866,7.0,304.1,42,6.3,14,2.1,721,78,15,31,200,96.9,414,25.9,1647,4.0,102.9,9,270,79,19.1,7,1,8,410,5066,12.4,316.6,42,721,250,63,15,0,681,943,262,41,336,88,12,1,96,8.0,105,76,356,426,0,0,24,15,19,9,12,-59,21,1,38,1065,28.0,467,0,33,3,0,0,44,391,8.9,213,0,3,0,25,0,0,30,31,96.8,0,0,0.0,10,10,100.0,10,10,100.0,7,8,87.5,3,3,100.0,556,0,50,50,100.0,140,0.0,95,6227,0,65.6,69,26,601,23.1,0,0,0,62,2953,2723,901,47.6,43.9,0,0,5,27,43.6,3,4.8,19,34,230,6.8,367,250,79,38,88,218,40.4,6,15,40.0,99,819,1114,6509,5.8,52,11,5,0,0,0,0.0,458,367,91
3,,2014-2015-Regular,AFC,57,CIN,Cincinnati,Bengals,4,16,501,321,64.1,31.3,3437,6.9,3277,6.3,204.8,19,3.8,15,3.0,618,35,8,22,160,84.2,488,30.5,2166,4.4,135.4,19,507,123,25.2,14,4,5,321,3437,10.7,214.8,19,618,163,27,8,0,664,1073,409,20,125,78,17,1,132,7.8,136,88,347,264,0,1,16,9,6,7,6,3,13,1,44,1219,27.7,552,0,35,3,0,0,39,472,12.1,282,0,8,3,15,0,1,26,33,78.8,0,0,0.0,6,6,100.0,10,12,83.3,10,12,83.3,0,3,0.0,506,0,39,39,100.0,117,0.0,80,5307,0,66.3,37,43,1159,27.0,0,0,0,65,3104,2856,863,47.8,43.9,0,0,14,26,40.0,6,9.2,15,29,248,8.6,310,163,123,24,83,207,40.1,7,13,53.8,88,734,1011,5521,5.5,39,10,5,0,0,0,0.0,359,346,13
4,,2014-2015-Regular,AFC,59,PIT,Pittsburgh,Steelers,5,16,620,411,66.3,38.8,5002,8.1,4828,7.4,301.8,33,5.3,9,1.4,730,57,15,34,174,102.6,424,26.5,1808,4.3,113.0,10,433,100,23.6,11,4,6,411,5002,12.2,312.6,33,730,243,42,15,0,671,970,299,34,205,76,11,4,107,9.7,104,58,319,297,0,0,14,10,11,4,10,-23,14,1,36,779,21.6,364,0,22,1,0,0,32,338,10.6,246,1,4,1,18,0,0,29,32,90.6,0,0,0.0,12,13,92.3,6,6,100.0,10,10,100.0,1,3,33.3,527,0,45,45,100.0,132,0.0,84,5421,0,64.5,32,52,1240,23.8,0,0,0,58,2550,2331,862,44.0,40.2,1,0,9,21,36.2,4,6.9,18,24,219,9.1,375,243,100,32,93,210,44.3,5,10,50.0,90,733,1078,6636,6.2,44,11,5,0,0,0,0.0,428,368,60
5,,2014-2015-Regular,AFC,56,BAL,Baltimore,Ravens,6,16,559,341,61.0,34.9,3952,7.1,3785,6.6,236.6,27,4.8,12,2.2,80,53,7,19,167,89.5,445,27.8,2042,4.6,127.6,16,52,113,25.4,27,4,5,341,3952,11.6,247.0,27,80,192,43,7,0,664,1040,376,51,405,104,9,1,73,8.1,31,79,355,531,2,1,12,8,14,4,12,-35,16,1,38,1072,28.2,108,1,30,5,0,0,29,364,12.6,45,0,6,2,23,0,1,29,34,85.3,0,0,0.0,10,10,100.0,11,11,100.0,4,4,100.0,4,9,44.4,55,0,42,42,100.0,129,0.0,86,5684,0,66.1,60,26,612,23.5,0,0,0,49,2333,2143,73,47.6,43.7,0,0,8,22,44.9,4,8.2,14,21,190,9.0,336,192,113,31,83,204,40.7,9,18,50.0,104,819,1023,5827,5.7,44,10,6,0,0,0,0.0,403,302,101
6,,2014-2015-Regular,AFC,75,SD,San Diego,Chargers,7,16,579,380,65.6,36.2,4297,7.4,4090,6.6,255.6,31,5.4,16,2.8,557,60,9,36,207,94.0,391,24.4,1378,3.5,86.1,6,307,75,19.2,6,1,3,380,4297,11.3,268.6,31,557,214,48,9,0,794,1058,264,26,191,86,8,0,75,9.4,67,68,335,382,1,0,12,5,18,7,13,-4,20,3,25,577,23.1,250,0,19,0,0,0,23,210,9.1,162,0,2,1,18,0,1,22,26,84.6,1,1,100.0,6,6,100.0,8,9,88.9,4,6,66.7,3,4,75.0,494,1,40,41,97.6,106,0.0,75,4591,0,61.2,9,66,1450,22.0,0,0,0,66,3101,2660,878,47.0,40.3,0,0,9,17,25.8,7,10.6,15,34,441,13.0,327,214,75,38,97,217,44.7,5,11,45.4,102,911,1006,5468,5.4,40,9,7,0,0,0,0.0,346,348,-2
7,,2014-2015-Regular,AFC,73,KC,Kansas City,Chiefs,8,16,491,320,65.2,30.7,3370,6.9,3127,5.8,195.4,19,3.9,6,1.2,492,47,5,48,243,92.8,415,25.9,1925,4.6,120.3,17,430,93,22.4,12,3,8,320,3370,10.5,210.6,19,492,185,39,3,0,795,944,149,46,257,90,5,1,44,8.8,82,79,367,382,0,0,18,11,13,7,6,-11,13,1,50,1464,29.3,646,1,41,5,0,0,50,671,13.4,345,1,13,4,4,0,0,25,30,83.3,1,1,100.0,10,10,100.0,6,7,85.7,7,10,70.0,1,2,50.0,523,0,38,38,100.0,113,0.0,80,5145,0,64.3,26,54,1308,24.2,0,0,0,67,2990,2774,860,44.6,41.4,0,0,13,31,46.3,5,7.5,20,29,216,7.4,306,185,93,28,80,201,39.8,5,13,38.5,75,599,954,5052,5.3,37,9,7,0,0,0,0.0,341,281,60
8,,2014-2015-Regular,AFC,64,HOU,Houston,Texans,9,16,485,293,60.4,30.3,3530,7.3,3415,6.7,213.4,22,4.5,10,2.1,610,49,9,26,115,89.3,550,34.4,2181,4.0,136.3,12,432,109,19.8,12,4,6,293,3530,12.0,220.6,22,610,170,40,9,0,732,1045,313,36,247,95,20,4,264,13.2,117,93,396,392,1,1,15,10,15,5,13,-19,18,2,20,419,21.0,295,0,12,1,0,0,33,212,6.4,124,0,1,0,28,0,1,30,35,85.7,0,0,0.0,6,7,85.7,13,15,86.7,7,8,87.5,4,5,80.0,546,0,40,40,100.0,130,0.0,81,5392,0,66.6,38,43,1120,26.0,0,0,0,79,3710,3269,910,47.0,41.4,0,0,13,28,35.4,10,12.7,24,32,441,13.8,309,170,109,30,91,235,38.7,10,17,58.8,92,819,1061,5596,5.3,36,9,7,0,0,0,0.0,374,305,69
9,,2014-2015-Regular,AFC,48,BUF,Buffalo,Bills,10,16,599,363,60.6,37.4,3869,6.5,3624,5.7,226.5,23,3.8,11,1.8,650,54,8,39,245,84.6,408,25.5,1585,3.9,99.1,7,351,71,17.4,8,3,4,363,3869,10.7,241.8,23,650,187,44,8,0,761,1074,313,53,310,118,17,0,373,21.9,195,89,418,533,1,1,16,8,14,8,10,11,18,2,32,772,24.1,341,1,18,2,0,0,35,369,10.5,260,1,5,1,18,0,1,34,38,89.5,0,0,0.0,9,9,100.0,12,13,92.3,7,8,87.5,6,8,75.0,677,0,31,32,96.9,133,0.0,78,5107,0,65.5,49,29,647,22.3,0,0,0,75,3296,3028,869,44.0,40.4,0,0,11,27,36.0,6,8.0,20,38,268,7.0,275,187,71,17,85,235,36.2,6,14,42.9,93,744,1046,5209,5.0,32,9,7,0,0,0,0.0,331,285,46
10,,2014-2015-Regular,AFC,49,MIA,Miami,Dolphins,11,16,601,394,65.6,37.6,4069,6.8,3727,5.8,232.9,27,4.5,11,1.8,495,43,4,47,342,92.3,393,24.6,1908,4.8,119.2,12,415,101,25.7,13,2,8,394,4069,10.3,254.3,27,495,226,37,4,0,779,979,200,39,227,95,13,2,132,10.2,119,57,338,362,2,1,21,10,14,11,13,14,24,1,41,1094,26.7,459,0,30,4,0,0,24,241,10.0,157,0,4,1,19,0,2,29,37,78.4,1,1,100.0,12,12,100.0,7,8,87.5,6,10,60.0,3,6,50.0,582,0,41,41,100.0,128,0.0,82,5381,0,65.6,37,45,1271,28.2,0,0,0,53,2528,2104,839,47.7,39.7,0,0,3,18,34.0,3,5.7,11,35,424,12.1,358,226,101,31,80,200,40.0,7,19,36.8,74,576,1041,5635,5.4,40,8,8,0,0,0,0.0,384,373,11
11,,2014-2015-Regular,AFC,58,CLE,Cleveland,Browns,12,16,512,276,53.9,32.0,3691,7.2,3468,6.4,216.8,12,2.3,16,3.1,81,56,11,30,223,71.8,474,29.6,1734,3.7,108.4,17,36,89,18.8,10,0,6,276,3691,13.4,230.7,12,81,179,45,11,0,692,1125,433,31,201,85,21,2,248,11.8,35,98,381,365,2,0,13,8,11,5,7,-28,12,1,34,811,23.8,62,0,22,2,0,0,25,182,7.3,37,0,2,0,25,0,1,25,31,80.6,0,0,0.0,6,6,100.0,12,15,80.0,6,8,75.0,1,2,50.0,52,0,31,31,100.0,106,0.0,71,4681,0,65.9,40,31,709,22.9,0,0,0,88,3958,3636,63,45.0,41.3,0,0,11,25,28.4,9,10.2,26,40,322,8.0,293,179,89,25,61,211,28.9,5,15,33.3,99,817,1016,5222,5.1,30,7,9,0,0,0,0.0,298,337,-39
12,,2014-2015-Regular,AFC,51,NYJ,New York,Jets,13,16,498,286,57.4,31.1,3215,6.5,2951,5.4,184.4,16,3.2,14,2.8,580,42,9,47,264,75.8,507,31.7,2256,4.4,141.0,11,395,113,22.3,10,2,8,286,3215,11.2,200.9,16,580,154,31,9,0,695,1037,342,46,309,97,5,0,27,5.4,36,52,339,537,0,1,16,9,7,7,6,-17,13,0,55,1320,24.0,534,0,34,5,0,0,41,319,7.8,217,0,2,1,20,0,1,32,39,82.0,0,0,0.0,13,13,100.0,7,7,100.0,9,13,69.2,3,6,50.0,611,0,23,23,100.0,119,0.0,70,4494,0,64.2,21,49,1135,23.2,0,0,0,66,3094,2811,880,46.9,42.6,1,0,9,21,31.8,9,13.6,24,24,283,11.8,291,154,113,24,90,234,38.5,9,16,56.2,101,882,1052,5187,4.9,27,4,12,0,0,1,0.0,283,399,-116
13,,2014-2015-Regular,AFC,66,JAX,Jacksonville,Jaguars,14,16,562,325,57.8,35.1,3498,6.2,3037,4.8,189.8,15,2.7,18,3.2,657,43,9,72,461,71.8,362,22.6,1653,4.6,103.3,9,397,88,24.3,15,2,6,325,3498,10.8,218.6,15,657,154,34,9,0,772,1096,324,46,288,111,6,1,25,4.2,15,49,370,420,0,0,15,9,17,6,14,4,20,2,43,1033,24.0,361,0,31,1,0,0,37,293,7.9,184,0,1,0,15,0,3,20,26,76.9,0,0,0.0,3,3,100.0,7,8,87.5,7,9,77.8,3,6,50.0,478,0,24,24,100.0,84,0.0,58,3805,0,65.6,37,21,492,23.4,0,0,0,87,4149,3659,957,47.7,42.1,2,0,5,20,23.0,10,11.5,20,51,490,9.6,275,154,88,33,69,215,32.1,7,19,36.8,64,507,996,4724,4.7,26,3,13,0,0,0,0.0,248,410,-162
14,,2014-2015-Regular,AFC,74,OAK,Oakland,Raiders,15,16,632,365,57.8,39.5,3505,5.6,3312,5.0,207.0,22,3.5,16,2.5,576,32,6,27,193,74.4,331,20.7,1329,4.0,83.1,4,333,56,16.9,7,2,9,365,3505,9.6,219.1,22,576,173,24,6,0,782,1019,237,22,157,105,6,0,67,11.2,40,57,343,343,2,0,22,13,12,9,5,-113,14,2,44,1016,23.1,420,0,35,1,0,0,36,305,8.5,196,0,5,0,17,0,0,19,22,86.4,0,0,0.0,2,2,100.0,5,5,100.0,9,10,90.0,3,5,60.0,478,0,28,28,100.0,85,0.0,55,3629,0,66.0,34,21,683,32.5,0,0,0,104,4714,4191,882,45.3,40.3,0,0,21,29,27.9,3,2.9,33,43,523,12.2,247,173,56,18,79,236,33.5,8,14,57.1,105,890,990,4681,4.7,28,3,13,0,0,0,0.0,253,452,-199
15,,2014-2015-Regular,AFC,67,TEN,Tennessee,Titans,16,16,508,298,58.7,31.8,3662,7.2,3296,5.9,206.0,19,3.7,12,2.4,674,48,6,50,366,83.6,354,22.1,1450,4.1,90.6,6,311,77,21.8,7,1,4,298,3662,12.3,228.9,19,674,157,42,6,0,754,1048,294,39,224,104,12,1,99,8.2,151,72,359,326,1,0,17,8,5,9,4,-9,13,1,45,1140,25.3,475,0,34,5,0,0,30,237,7.9,161,0,3,1,18,0,0,19,22,86.4,0,0,0.0,5,5,100.0,7,7,100.0,5,8,62.5,2,2,100.0,415,0,27,27,100.0,84,0.0,61,4008,0,65.7,31,30,872,29.1,0,0,0,82,3871,3399,911,47.2,41.4,1,0,7,26,31.7,7,8.5,25,43,472,11.0,256,157,77,22,58,194,29.9,6,17,35.3,104,939,912,4826,5.3,26,2,14,0,0,0,0.0,246,434,-188
16,,2014-2015-Regular,NFC,52,DAL,Dallas,Cowboys,1,16,473,328,69.3,29.6,4033,8.5,3802,7.6,237.6,37,7.8,9,1.9,708,57,12,30,231,113.5,505,31.6,2394,4.7,149.6,16,464,107,21.2,19,5,7,328,4033,12.3,252.1,37,708,206,42,12,0,718,963,245,28,169,78,14,3,118,8.4,133,66,296,309,1,0,19,14,14,4,11,-44,15,1,31,741,23.9,321,0,24,1,0,0,27,298,11.0,175,0,3,0,13,0,1,25,29,86.2,0,0,0.0,6,6,100.0,6,7,85.7,8,9,88.9,5,7,71.4,638,0,56,56,100.0,131,0.0,93,6031,0,64.8,52,41,910,22.2,0,0,0,47,2162,1932,835,46.0,41.1,1,0,5,17,36.2,2,4.3,15,23,230,10.0,341,206,107,28,96,199,48.2,3,6,50.0,92,771,1008,6196,6.2,54,12,4,0,0,1,0.0,467,350,117
17,,2014-2015-Regular,NFC,79,SEA,Seattle,Seahawks,2,16,459,287,62.5,28.7,3521,7.7,3246,6.4,202.9,20,4.4,6,1.3,696,55,9,45,275,95.2,524,32.8,2824,5.4,176.5,20,515,146,27.9,17,6,9,287,3521,12.3,220.1,20,696,161,46,9,0,637,903,266,37,234,99,12,2,182,15.2,145,69,342,475,0,1,20,8,12,12,8,-99,20,1,38,822,21.6,415,0,25,2,0,0,36,262,7.3,166,0,4,0,28,0,1,31,37,83.8,0,0,0.0,10,10,100.0,10,10,100.0,9,13,69.2,2,4,50.0,567,0,41,41,100.0,134,0.0,86,5658,0,65.8,46,40,1032,25.8,0,0,0,54,2383,2187,821,44.1,40.5,1,0,7,27,50.0,6,11.1,25,14,196,14.0,333,161,146,26,91,214,42.5,3,12,25.0,124,985,1028,6070,5.9,41,12,4,0,0,0,0.0,396,252,144
18,,2014-2015-Regular,NFC,62,GB,Green Bay,Packers,3,16,551,349,63.3,34.4,4468,8.1,4281,7.4,267.6,38,6.9,6,1.1,750,60,15,30,187,107.1,440,27.5,1997,4.5,124.8,14,359,106,24.1,12,2,7,349,4468,12.8,279.2,38,750,223,45,15,0,753,1041,288,44,298,89,18,3,213,11.8,152,95,367,483,1,0,17,6,9,10,8,-46,18,1,26,558,21.5,265,0,17,1,0,0,28,333,11.9,245,2,5,2,15,0,3,27,33,81.8,0,0,0.0,7,7,100.0,11,12,91.7,5,7,71.4,4,7,57.1,565,1,54,56,96.4,135,0.0,98,6288,0,64.2,41,57,1474,25.9,0,0,0,43,1923,1706,685,44.7,39.7,2,0,7,12,27.9,4,9.3,10,21,217,10.3,355,223,106,26,93,206,45.2,4,10,40.0,81,690,1021,6266,6.1,53,12,4,0,0,0,0.0,475,346,129
19,,2014-2015-Regular,NFC,76,ARI,Arizona,Cardinals,4,16,557,310,55.7,34.8,3875,7.0,3688,6.3,230.5,21,3.8,9,1.6,717,57,11,28,187,83.3,399,24.9,1309,3.3,81.8,6,234,68,17.0,6,0,6,310,3875,12.5,242.2,21,717,184,46,11,0,761,918,157,36,264,98,17,3,172,10.1,81,63,361,433,3,0,13,5,9,8,10,-10,18,1,21,424,20.2,271,0,12,1,0,0,24,304,12.7,255,1,3,2,24,0,0,29,33,87.9,0,0,0.0,5,5,100.0,12,14,85.7,10,11,90.9,2,3,66.7,583,0,27,27,100.0,114,0.0,74,4980,0,67.3,37,37,969,26.2,0,0,0,83,3544,3318,829,42.7,40.0,0,0,8,34,41.0,6,7.2,37,31,226,7.3,296,184,68,44,87,218,39.9,3,4,75.0,86,672,984,4997,5.1,28,11,5,0,0,0,0.0,304,299,5
20,,2014-2015-Regular,NFC,61,DET,Detroit,Lions,5,16,605,365,60.3,37.8,4296,7.1,4041,6.2,252.6,22,3.6,11,1.8,715,55,12,45,255,86.5,397,24.8,1433,3.6,89.6,11,311,72,18.1,6,1,7,365,4296,11.8,268.5,22,715,211,43,11,0,696,894,198,43,314,113,16,1,302,18.9,173,72,363,627,2,1,18,8,12,10,7,-5,17,1,25,615,24.6,313,0,18,1,0,0,31,283,9.1,188,0,3,0,38,0,2,25,38,65.8,0,0,0.0,10,10,100.0,5,6,83.3,6,14,42.9,4,8,50.0,543,0,32,32,100.0,107,0.0,72,4730,0,65.7,53,19,550,29.0,0,0,0,65,2990,2672,899,46.0,41.1,0,0,9,26,40.0,5,7.7,20,29,318,11.0,314,211,72,31,86,224,38.4,10,20,50.0,109,920,1047,5474,5.2,34,11,5,0,0,0,0.0,319,282,37
21,,2014-2015-Regular,NFC,54,PHI,Philadelphia,Eagles,6,16,627,385,61.4,39.2,4536,7.2,4318,6.6,269.9,27,4.3,22,3.5,673,64,13,31,218,83.1,470,29.4,1994,4.2,124.6,16,317,110,23.4,13,1,6,385,4536,11.8,283.5,27,673,217,50,12,0,814,1020,206,49,367,117,10,2,53,5.3,52,82,416,436,1,0,18,12,24,6,16,-94,22,5,32,882,27.6,319,2,22,3,0,0,39,550,14.1,356,2,6,3,21,0,0,32,36,88.9,0,0,0.0,10,10,100.0,14,16,87.5,4,6,66.7,4,4,100.0,570,0,54,54,100.0,150,0.0,97,6342,0,65.4,46,51,1171,23.0,0,0,0,71,3161,2895,856,44.5,40.8,0,0,13,33,46.5,7,9.9,22,29,266,9.2,360,217,110,33,104,240,43.3,7,11,63.6,111,977,1128,6312,5.6,48,10,6,0,0,0,0.0,450,395,55
22,,2014-2015-Regular,NFC,78,SF,San Francisco,49ers,7,16,489,292,59.7,30.6,3424,7.0,3088,5.7,193.0,20,4.1,9,1.8,625,49,5,52,336,87.0,470,29.4,2193,4.7,137.1,10,354,109,23.2,14,2,7,292,3424,11.7,214.0,20,625,165,44,5,0,726,908,182,36,209,85,21,2,273,13.0,187,83,335,365,0,0,13,9,11,4,6,-5,10,1,45,1124,25.0,413,0,34,1,0,0,32,222,6.9,138,0,3,0,13,0,1,25,30,83.3,0,0,0.0,6,6,100.0,8,9,88.9,5,7,71.4,6,8,75.0,518,0,33,33,100.0,108,0.0,72,4706,0,65.4,32,40,907,22.7,0,0,0,68,3222,2871,900,47.4,42.2,1,0,3,26,38.2,7,10.3,22,33,351,10.6,305,165,109,31,88,217,40.6,10,18,55.6,105,808,1011,5281,5.2,31,8,8,0,0,1,0.0,306,340,-34
23,,2014-2015-Regular,NFC,69,CAR,Carolina,Panthers,8,16,544,327,60.1,34.0,3822,7.0,3495,6.0,218.4,23,4.2,11,2.0,523,44,4,43,327,87.1,474,29.6,2009,4.2,125.6,10,334,116,24.5,7,1,8,327,3822,11.7,238.9,23,523,198,40,4,0,652,969,317,40,277,90,12,2,132,11.0,157,68,328,424,0,0,22,11,16,11,11,-22,22,0,37,815,22.0,307,0,24,2,0,0,24,232,9.7,180,1,2,1,25,0,1,29,35,82.9,0,0,0.0,7,7,100.0,12,13,92.3,9,12,75.0,1,3,33.3,580,0,34,34,100.0,121,0.0,79,5192,0,65.7,61,18,596,33.1,0,0,0,66,3009,2541,868,45.6,38.5,2,0,13,25,37.9,5,7.6,20,27,468,17.3,345,198,116,31,93,221,42.1,6,10,60.0,79,726,1061,5512,5.2,33,7,8,0,0,0,0.0,333,374,-41
24,,2014-2015-Regular,NFC,63,MIN,Minnesota,Vikings,9,16,525,317,60.4,32.8,3426,6.5,3095,5.4,193.4,17,3.2,16,3.0,558,43,7,52,331,77.7,405,25.3,1803,4.4,112.7,12,407,89,22.0,12,3,1,317,3426,10.8,214.1,17,558,171,36,7,0,738,999,261,42,225,90,10,2,93,9.3,87,68,324,358,1,0,9,4,8,5,5,9,10,4,56,1298,23.2,443,0,32,6,0,0,27,370,13.7,272,0,6,1,25,0,2,26,35,74.3,2,2,100.0,4,5,80.0,8,10,80.0,7,9,77.8,5,9,55.6,551,0,29,29,100.0,107,0.0,74,4701,0,63.5,47,27,577,21.4,0,0,0,71,3151,2887,864,44.4,40.7,1,0,8,22,31.0,6,8.4,19,32,264,8.2,288,171,89,28,80,211,37.9,6,12,50.0,93,777,982,4898,5.0,33,7,9,0,0,0,0.0,325,341,-16
25,,2014-2015-Regular,NFC,70,NO,New Orleans,Saints,10,16,659,456,69.2,41.2,4971,7.5,4693,6.8,293.3,33,5.0,16,2.4,646,56,10,30,278,97.8,406,25.4,1832,4.5,114.5,16,426,102,25.1,11,2,6,456,4971,10.9,310.7,33,646,258,42,10,0,717,978,261,34,193,82,9,0,67,7.4,63,60,335,469,0,2,19,13,8,6,5,-14,11,0,20,545,27.2,301,0,14,1,0,0,19,150,7.9,97,0,2,0,26,0,0,19,22,86.4,0,0,0.0,6,6,100.0,9,9,100.0,3,5,60.0,1,2,50.0,403,1,46,47,97.9,103,0.0,76,5037,0,66.3,38,38,985,25.9,0,0,0,52,2452,2306,816,47.2,44.4,0,0,10,19,36.5,5,9.6,13,24,146,6.1,393,258,102,33,98,203,48.3,8,16,50.0,72,624,1095,6697,6.1,49,7,9,0,0,1,0.0,401,425,-24
26,,2014-2015-Regular,NFC,53,NYG,New York,Giants,11,16,611,383,62.7,38.2,4549,7.4,4322,6.7,270.1,30,4.9,12,2.0,688,53,10,31,227,93.5,448,28.0,1602,3.6,100.1,13,321,83,18.5,4,2,1,383,4549,11.9,284.3,30,688,218,43,10,0,766,1050,284,48,353,98,14,0,145,10.4,91,71,329,470,0,0,20,14,14,6,7,2,13,1,41,947,23.1,427,0,33,1,0,0,28,260,9.3,151,0,4,0,27,0,1,24,26,92.3,1,1,100.0,6,7,85.7,9,9,100.0,4,5,80.0,4,4,100.0,462,0,44,44,100.0,116,0.0,75,4784,0,63.8,44,31,597,19.3,0,0,0,75,3419,3021,888,45.6,40.3,1,0,15,25,33.3,6,8.0,17,37,398,10.8,328,218,83,27,101,235,43.0,5,15,33.3,89,756,1090,5972,5.5,44,6,10,0,0,0,0.0,380,401,-21
27,,2014-2015-Regular,NFC,68,ATL,Atlanta,Falcons,12,16,632,418,66.1,39.5,4777,7.6,4575,6.9,285.9,28,4.4,11,1.7,630,61,9,30,202,96.2,372,23.2,1565,4.2,97.8,11,368,80,21.5,9,2,3,418,4777,11.4,298.6,28,630,233,52,9,0,674,1012,338,23,233,64,15,1,90,6.0,74,65,305,188,3,0,14,6,11,8,10,-1,18,1,48,1188,24.8,511,0,30,3,0,0,16,231,14.4,195,1,4,2,11,0,1,29,32,90.6,0,0,0.0,10,10,100.0,4,4,100.0,8,8,100.0,7,10,70.0,507,0,40,40,100.0,127,0.0,79,5080,0,64.3,46,33,815,24.7,0,0,0,61,2818,2559,876,46.2,42.0,0,0,3,25,41.0,4,6.6,28,26,259,10.0,334,233,80,21,93,208,44.7,8,16,50.0,88,751,1034,6140,5.9,40,6,10,0,0,0,0.0,375,417,-42
28,,2014-2015-Regular,NFC,77,STL,St. Louis,Rams,13,16,515,326,63.3,32.2,3701,7.2,3384,6.0,211.5,20,3.9,15,2.9,612,43,8,47,317,85.6,394,24.6,1721,4.4,107.6,11,373,82,20.8,7,1,6,326,3701,11.4,231.3,20,612,189,35,8,0,799,978,179,42,276,110,13,3,109,8.4,108,64,323,454,2,0,20,9,16,11,13,-49,24,0,44,1109,25.2,395,0,34,2,0,0,33,538,16.3,412,2,8,4,24,0,0,24,29,82.8,1,1,100.0,6,7,85.7,10,12,83.3,2,2,100.0,5,7,71.4,483,0,34,35,97.1,106,0.0,71,4714,0,66.4,38,33,842,25.5,0,0,0,70,3320,3102,881,47.4,44.3,1,0,10,31,44.3,5,7.1,27,27,218,8.1,289,189,82,18,68,190,35.8,4,10,40.0,112,1059,956,5165,5.4,31,6,10,0,0,0,0.0,312,354,-42
29,,2014-2015-Regular,NFC,60,CHI,Chicago,Bears,14,16,606,396,65.4,37.9,4088,6.8,3813,5.9,238.3,30,5.0,15,2.5,590,41,8,42,275,90.8,352,22.0,1464,4.2,91.5,8,265,91,25.8,5,0,2,396,4088,10.3,255.5,30,590,194,33,8,0,695,994,299,39,212,87,13,1,91,7.0,70,53,300,357,3,0,12,10,14,2,10,-19,12,0,54,1264,23.4,502,1,33,5,0,0,20,174,8.7,134,0,3,0,13,0,0,12,16,75.0,0,0,0.0,5,5,100.0,3,4,75.0,4,6,66.7,0,1,0.0,265,2,33,35,94.3,69,0.0,57,3543,0,62.2,24,33,613,18.6,0,0,0,62,2792,2441,773,45.0,39.4,0,0,7,17,27.4,3,4.8,19,29,351,12.1,322,194,91,37,78,206,37.9,12,26,46.2,105,946,1000,5313,5.3,38,5,11,0,0,0,0.0,313,442,-129
30,,2014-2015-Regular,NFC,55,WAS,Washington,Redskins,15,16,545,363,66.6,34.1,4469,8.2,4010,6.6,250.6,18,3.3,15,2.8,803,57,20,58,459,91.3,400,25.0,1724,4.3,107.8,15,316,90,22.5,11,0,7,363,4469,12.3,279.3,18,803,185,37,20,0,719,1005,286,34,230,86,6,0,38,6.3,38,45,311,317,0,0,25,12,12,13,11,-12,24,0,36,787,21.9,342,0,21,2,0,0,27,238,8.8,167,0,3,0,27,0,0,24,27,88.9,0,0,0.0,11,11,100.0,6,7,85.7,7,8,87.5,0,1,0.0,436,1,31,32,96.9,103,0.0,66,4242,0,64.3,26,40,1056,26.4,0,0,0,71,3444,2951,935,48.5,41.6,1,0,12,20,28.2,7,9.9,10,41,493,12.0,311,185,90,36,64,199,32.2,4,15,26.7,107,1014,1003,5818,5.8,33,4,12,0,0,0,0.0,301,438,-137
31,,2014-2015-Regular,NFC,71,TB,Tampa Bay,Buccaneers,16,16,534,301,56.4,33.4,3672,6.9,3332,5.7,208.2,21,3.9,19,3.6,577,56,9,54,340,76.0,351,21.9,1390,4.0,86.9,7,383,74,21.1,8,3,4,301,3672,12.2,229.5,21,577,162,42,9,0,829,1124,295,35,208,110,13,4,76,5.8,41,61,347,416,1,0,21,13,15,8,11,0,19,0,34,811,23.8,415,0,28,1,0,0,19,269,14.2,207,0,4,1,17,0,2,20,24,83.3,0,0,0.0,2,3,66.7,7,8,87.5,6,7,85.7,5,6,83.3,636,0,31,31,100.0,91,0.0,67,4353,0,65.0,30,37,874,23.6,0,0,0,73,2963,2742,778,40.6,37.6,0,0,12,17,23.3,2,2.7,27,26,221,8.5,267,162,74,31,76,203,37.4,4,12,33.3,106,883,939,4726,5.0,28,2,14,0,0,1,0.0,277,410,-133
